{
	"bias_hidden": {
		"matrix_n_cols": 1,
		"matrix_n_rows": 30,
		"matrix_values": [
			0.939820263724279,
			-0.42074264523186,
			-0.19505426277168,
			-0.02057577975077,
			0.373533574705416,
			-0.82276716098535,
			0.598904302894327,
			-0.69236048122663,
			0.575604075098012,
			-0.4064026331066,
			-0.22662448765945,
			-0.42167930346636,
			0.345952348231636,
			0.245663956049368,
			0.636130632936822,
			-0.15316027941289,
			0.139662950001386,
			-1.02403728441191,
			0.195135720670634,
			0.307796706222857,
			-0.34534726117927,
			-0.34543749482584,
			-0.50350701482272,
			0.27687569320517,
			1.10155356886928,
			0.121248369794251,
			-0.7231546925874,
			0.362400082735845,
			0.309132632990477,
			1.09353817147197
		]
	},
	"bias_output": {
		"matrix_n_cols": 1,
		"matrix_n_rows": 5,
		"matrix_values": [
			-0.52807904795815,
			-0.27199299287039,
			0.245228941227582,
			0.760803127881027,
			0.821226443412105
		]
	},
	"structure": {
		"hidden_nodes": 30,
		"input_nodes": 13,
		"output_nodes": 5
	},
	"weights_input_hidden": {
		"matrix_n_cols": 13,
		"matrix_n_rows": 30,
		"matrix_values": [
			0.972510517516096,
			0.400122528721876,
			-0.29604102198382,
			-0.09607696501858,
			-0.51320806821821,
			0.177156791985177,
			-0.04298278154581,
			-0.19570378011562,
			0.476113283101751,
			0.0374902807021482,
			-0.64619942597158,
			0.672488847531552,
			-0.62329479533704,
			1.02406375766739,
			0.769979785717048,
			0.766691636562049,
			1.04033351997425,
			-0.48237606899442,
			0.752492136703334,
			-0.3145715530532,
			-0.44890109865778,
			-0.62564992005134,
			0.832544275232848,
			0.782446157351759,
			0.507323758449456,
			1.00748831942505,
			-0.37314396370414,
			0.291156616018921,
			0.327325670145754,
			0.364667425941691,
			-0.55105607555638,
			-1.35671833736709,
			0.546846893408157,
			-0.48281761614138,
			-0.10749590821246,
			-0.85475563015948,
			0.952516705885821,
			0.635817957896988,
			0.464459165837428,
			0.922206637548461,
			-0.05936057834335,
			0.604747548319099,
			-0.52965403858228,
			-0.78053641723385,
			-1.06479170475416,
			0.416906015501788,
			-0.09412230631935,
			1.00692269632006,
			-0.35836857052499,
			0.766415766851123,
			0.686370896082488,
			-0.80340016168474,
			1.25981969326783,
			0.939461250032461,
			0.939372988574851,
			1.01205289433341,
			0.743774057972343,
			0.455276554824547,
			0.312688202932828,
			0.23986489727701,
			-0.06240845089185,
			-0.41018922359372,
			-0.70501948136354,
			0.270353319140028,
			-0.08317301188477,
			-0.99904815412695,
			-0.27300833013481,
			0.19789679101072,
			0.289011651421659,
			-0.41673564844731,
			-0.37377134885368,
			-0.00142786345178,
			0.259232126110061,
			0.0131949253598049,
			-0.60889035603027,
			-1.05035020513567,
			-0.38489615016796,
			-0.25126552480061,
			-0.09954624221023,
			0.419259061682966,
			0.438085162633777,
			0.48989822953047,
			-0.81600250935203,
			-1.82089897667446,
			0.596289055255937,
			0.586178191827725,
			0.34770697866607,
			-0.88691864425335,
			-0.83221337306682,
			0.49084608613704,
			-0.3559836911895,
			0.327934516219672,
			-0.20473787634574,
			-0.07414707288595,
			0.71453626354215,
			-0.68113075032758,
			-0.39884563199306,
			-0.46635516599897,
			0.480109822953078,
			-0.39058703557875,
			-0.43467383595567,
			-0.31176981350383,
			-0.04506541064369,
			-1.17206089014517,
			0.73158666359348,
			-0.816915925377,
			-0.68644311870773,
			0.756903317771717,
			0.303420413295891,
			-2.26293996665921,
			-0.52776651201036,
			1.24517561642454,
			-0.76502034541102,
			0.619312854458709,
			-0.150313683079,
			-0.11107345738281,
			0.079038352219752,
			0.818639233905381,
			-0.68056834729253,
			0.283015008637931,
			0.173300532263462,
			0.660448514989647,
			2.30776115385774,
			0.203765466455295,
			-1.35593457678409,
			-0.23364077475154,
			-0.04809882886562,
			0.111895708809495,
			-0.70849415141847,
			-0.84113914828407,
			-0.61010286985355,
			1.07749812396672,
			0.497246094115404,
			-0.84101470612078,
			0.607536553744959,
			-0.45603662693997,
			0.66529793286173,
			-0.87196736540014,
			0.597744773670914,
			0.830135055921377,
			-0.27185607896523,
			0.459819823950843,
			1.00861696899278,
			-0.15620083202856,
			-0.48559201306031,
			-1.10973132313828,
			-1.0701162877942,
			-0.09881794619409,
			0.943990137624418,
			0.738145006329592,
			-0.2757787578848,
			0.606395291542016,
			0.818338007667856,
			0.135603528755077,
			-0.33981473308292,
			-0.11755322701116,
			-0.09093424387249,
			-0.47179073280505,
			0.725494633241858,
			0.0343212403392185,
			-0.05274929851767,
			0.184259495720471,
			0.342043739567078,
			1.14848954563003,
			-0.41969504725465,
			-0.52539144089376,
			1.0791226057973,
			-0.02145209361887,
			-0.00825273380546,
			0.728911215278022,
			-0.31533172118949,
			-0.21114616646258,
			0.173437038427792,
			-0.09898177717844,
			0.249885090862499,
			-1.63287019913944,
			0.787838172078802,
			-1.40164448018831,
			-0.31573298274104,
			-0.6657912551761,
			0.787244898804146,
			0.672465190246529,
			-0.40844388057103,
			-0.9186010928618,
			0.76190456839068,
			-0.04804944958612,
			-0.74515973296423,
			1.44599291597276,
			-1.40775985437553,
			-0.21799223620331,
			-0.04318020970188,
			0.836912171678181,
			-0.38693030682195,
			0.284846634082054,
			-0.24500141285338,
			-0.00872427491445,
			0.0376272882076575,
			-0.59112957543659,
			0.599154889049849,
			-0.7263351548749,
			2.64619007108778,
			-0.98259560012089,
			-0.06790775525941,
			0.0763875273952889,
			-0.73006810901822,
			-0.86412840424129,
			0.985271338850963,
			0.175661372130908,
			0.785545284573926,
			-0.32175517122235,
			0.572511155576951,
			0.0429120434931938,
			-0.43281440155448,
			-1.9548769652402,
			-0.51027617797137,
			1.75312342666642,
			0.31435191210734,
			-0.6956635502109,
			0.174701282615479,
			0.558188793526023,
			-0.39593108619952,
			0.724918739127868,
			-0.51812336514069,
			-0.27865208076791,
			-0.42471741347439,
			-0.20276886452665,
			-0.40534980096032,
			1.34861554286446,
			0.511026321997332,
			-0.77268110700132,
			0.499222829763786,
			0.257256451573532,
			-0.06699498754222,
			-0.15161355589915,
			-0.6048825975611,
			-0.5291134889701,
			-0.81154565088175,
			-0.90226399090714,
			-0.20098041152874,
			0.363293896392328,
			-0.78001115766735,
			0.934977769604148,
			1.08192862218643,
			0.237308337882848,
			0.957690073294487,
			-0.28898465991101,
			-0.5408390692521,
			0.357811204922906,
			-0.83734763055076,
			-0.89751437174662,
			-0.78697382602044,
			0.549478793282307,
			-0.41559542403311,
			-0.76925906378676,
			0.695148019556986,
			-1.19459822877763,
			-0.9813672053427,
			-1.08295050498832,
			-0.55623181249496,
			-0.80021501793163,
			-0.32584866216858,
			-0.00580047186621,
			0.663608639667092,
			0.136969328807596,
			-0.35339811550223,
			-0.73537230547839,
			1.08140147163115,
			-0.31673589532986,
			-0.14194999894935,
			0.580799351086889,
			-0.40900473121998,
			-0.4778238928594,
			0.568086612175491,
			-0.74613345414833,
			0.21360486775811,
			0.54976148405601,
			0.796378488167806,
			-0.12059120968583,
			0.611802988093481,
			1.15404536916085,
			0.0488668662452069,
			-0.61245396617079,
			0.179940585727844,
			-0.52525755243931,
			0.54996002602282,
			0.649006940845297,
			0.206805170937609,
			1.13806751930849,
			-0.48748231858368,
			0.590778468270957,
			0.341649844006467,
			0.437210094536758,
			-0.06792660774489,
			0.465950535344473,
			-0.60378999756296,
			-0.4016828975709,
			0.503963038231247,
			-0.23830005861413,
			-0.33428343916197,
			-0.49717699174944,
			0.324369398242882,
			0.453699689028324,
			-0.65743573281846,
			0.25450901656583,
			-0.26821370867377,
			1.79205293121318,
			-1.07039570451569,
			0.498558251200018,
			-0.30091770026129,
			-0.71074994056597,
			-0.523496082343,
			0.129374121320094,
			0.236929283580231,
			0.661055012362904,
